"","theta.df","n.df","exp.haplotypes","exp.variance"
"1","two","1","1","1"
"2","two","2","1.66666666666667","1.22222222222222"
"3","two","3","2.16666666666667","1.47222222222222"
"4","two","4","2.56666666666667","1.71222222222222"
"5","two","5","2.9","1.93444444444444"
"6","two","6","3.18571428571429","2.13852607709751"
"7","two","7","3.43571428571429","2.32602607709751"
"8","two","8","3.65793650793651","2.49886558327035"
"9","two","9","3.85793650793651","2.65886558327035"
"10","two","10","4.03975468975469","2.80762591384886"
"11","two","11","4.20642135642136","2.94651480273775"
"12","two","12","4.36026751026751","3.07669231753065"
"13","two","13","4.50312465312465","3.19914129712248"
"14","two","14","4.63645798645799","3.31469685267804"
"15","two","15","4.76145798645799","3.42407185267804"
"16","two","16","4.87910504528152","3.52787808105174"
"17","two","17","4.99021615639263","3.62664351315051"
"18","two","18","5.09547931428736","3.72082633863527"
"19","two","19","5.19547931428736","3.81082633863527"
"20","two","20","5.29071740952546","3.89699413908879"
"21","two","21","5.38162650043455","3.97963876718796"
"22","two","22","5.46858302217368","4.05903385225412"
"23","two","23","5.55191635550701","4.13542274114301"
"24","two","24","5.63191635550701","4.20902274114301"
"25","two","25","5.70883943243009","4.28002865830277"
"26","two","26","5.78291350650416","4.34861576392692"
"27","two","27","5.85434207793274","4.41494229453916"
"28","two","28","5.92330759517412","4.47915156921217"
"29","two","29","5.98997426184078","4.54137379143439"
"30","two","30","6.05449039087304","4.60172758956134"
"31","two","31","6.11699039087304","4.66032133956134"
"32","two","32","6.1775964514791","4.71725430558522"
"33","two","33","6.23641998089087","4.77261762738453"
"34","two","34","6.29356283803372","4.82649517840493"
"35","two","35","6.34911839358928","4.8789643142074"
"36","two","36","6.40317244764333","4.93009652750178"
"37","two","37","6.4558040265907","4.97995802334665"
"38","two","38","6.50708607787275","5.02861022584501"
"39","two","39","6.55708607787275","5.07611022584501"
"40","two","40","6.60586656567763","5.12251117765941"
"41","two","41","6.65348561329668","5.16786265158231"
"42","two","42","6.69999724120365","5.21221094795873"
"43","two","43","6.7454517866582","5.2555993777108"
"44","two","44","6.78989623110264","5.29806851351326"
"45","two","45","6.83337449197221","5.33965641521459"
"46","two","46","6.87592768346157","5.38039883259802"
"47","two","47","6.91759435012824","5.42032938815357"
"48","two","48","6.95841067665885","5.45947974217273"
"49","two","49","6.99841067665885","5.49787974217273"
"50","two","50","7.03762636293336","5.53555755839726"
"51","two","51","7.0760879013949","5.57253980691797"
"52","two","52","7.1138237504515","5.60885166167055"
"53","two","53","7.15086078748854","5.64451695659511"
"54","two","54","7.18722442385218","5.67955827890916"
"55","two","55","7.22293870956646","5.71399705441936"
"56","two","56","7.25802642886471","5.74785362567205"
"57","two","57","7.2925091874854","5.78114732365065"
"58","two","58","7.32640749257014","5.81389653364778"
"59","two","59","7.35974082590348","5.84611875587"
"60","two","60","7.39252771114938","5.87783066127177"
"61","two","61","7.42478577566551","5.90904814306158"
"62","two","62","7.45653180741154","5.93978636427599"
"63","two","63","7.48778180741154","5.97005980177599"
"64","two","64","7.51855103818077","5.99988228698309"
"65","two","65","7.5488540684838","6.02926704364057"
"66","two","66","7.57870481475246","6.05822672285643"
"67","two","67","7.60811657945834","6.0867734356592"
"68","two","68","7.63710208670472","6.11491878327525"
"69","two","69","7.66567351527614","6.14267388531607"
"70","two","70","7.69384252936065","6.17004940604608"
"71","two","71","7.72162030713843","6.19705557888559"
"72","two","72","7.7490175674124","6.22370222928904"
"73","two","73","7.77604459443943","6.24999879612615"
"74","two","74","7.80271126110609","6.2759543516817"
"75","two","75","7.82902705057978","6.30157762037976"
"76","two","76","7.8550010765538","6.32687699632849"
"77","two","77","7.88064210219483","6.35186055977359"
"78","two","78","7.90595855789103","6.37653609254077"
"79","two","79","7.93095855789103","6.40091109254078"
"80","two","80","7.95564991591572","6.42499278740436"
"81","two","81","7.98004015981816","6.44878814730918"
"82","two","82","8.00413654536033","6.47230389705515"
"83","two","83","8.02794606916986","6.49554652744064"
"84","two","84","8.05147548093456","6.51852230598735"
"85","two","85","8.07473129488805","6.5412372870582"
"86","two","86","8.09771980063518","6.56369732140884"
"87","two","87","8.12044707336245","6.5859080652105"
"88","two","88","8.14291898347481","6.60787498857876"
"89","two","89","8.16514120569703","6.62960338364049"
"90","two","90","8.18711922767505","6.65109837216844"
"91","two","91","8.20885835810984","6.67236491281116"
"92","two","92","8.23036373445392","6.69340780794355"
"93","two","93","8.2516403301986","6.71423171016175"
"94","two","94","8.27269296177755","6.7348411284443"
"95","two","95","8.29352629511088","6.75524043399985"
"96","two","96","8.31414485181191","6.77543386582045"
"97","two","97","8.33455301507722","6.79542553595789"
"98","two","98","8.35475503527924","6.81521943453967"
"99","two","99","8.37475503527924","6.83481943453967"
"100","two","100","8.39455701547726","6.85422929631793"
"101","two","101","8.41416485861452","6.87345267194269"
"102","two","102","8.43358233434267","6.89249310930719"
"103","two","103","8.45281310357344","6.91135405605275"
"104","two","104","8.47186072262106","6.93003886330899"
"105","two","105","8.49072864714936","6.94855078926128"
"106","two","106","8.50942023593441","6.96689300255502"
"107","two","107","8.52793875445293","6.98506858554542"
"108","two","108","8.54628737830614","7.00308053740132"
"109","two","109","8.56446919648796","7.02093177707074"
"110","two","110","8.58248721450597","7.03862514611546"
"111","two","111","8.60034435736312","7.05616341142159"
"112","two","112","8.61804347240736","7.07354926779248"
"113","two","113","8.63558733205649","7.09078534043022"
"114","two","114","8.65297863640431","7.10787418731113"
"115","two","115","8.67022001571466","7.12481830146095"
"116","two","116","8.68731403280868","7.14162011313456"
"117","two","117","8.70426318535105","7.15828199190502"
"118","two","118","8.72106990804012","7.17480624866655"
"119","two","119","8.73773657470679","7.19119513755544"
"120","two","120","8.75426550032662","7.20745085779313"
"121","two","121","8.77065894294958","7.22357555545505"
"122","two","122","8.7869191055512","7.23957132516884"
"123","two","123","8.80304813780927","7.25544021174533"
"124","two","124","8.81904813780926","7.27118421174532"
"125","two","125","8.83492115368228","7.28680527498543"
"126","two","126","8.85066918517834","7.3023053059855"
"127","two","127","8.86629418517834","7.3176861653605"
"128","two","128","8.88179806114734","7.33294967115943"
"129","two","129","8.89718267653195","7.34809760015351"
"130","two","130","8.91244985210447","7.36313168907607"
"131","two","131","8.92760136725599","7.3780536358162"
"132","two","132","8.94263896124095","7.3928651005683"
"133","two","133","8.95756433437528","7.40756770693943"
"134","two","134","8.97237914919009","7.42216304301625"
"135","two","135","8.98708503154303","7.43665266239341"
"136","two","136","9.00168357168902","7.451038085165"
"137","two","137","9.01617632531221","7.46532079888061"
"138","two","138","9.03056481452084","7.47950225946754"
"139","two","139","9.04485052880655","7.4935838921206"
"140","two","140","9.05903492596967","7.50756709216084"
"141","two","141","9.07311943301193","7.52145322586447"
"142","two","142","9.08710544699794","7.53524363126326"
"143","two","143","9.10099433588683","7.54893961891758"
"144","two","144","9.11478743933511","7.56254247266312"
"145","two","145","9.12848606947209","7.57605345033248"
"146","two","146","9.14209151164896","7.58947378445252"
"147","two","147","9.15560502516248","7.60280468291856"
"148","two","148","9.16902784395442","7.61604732964618"
"149","two","149","9.18236117728776","7.62920288520174"
"150","two","150","9.19560621040034","7.64227248741217"
"151","two","151","9.20876410513718","7.6552572519551"
"152","two","152","9.22183600056202","7.66815827292994"
"153","two","153","9.23482301354903","7.68097662341063"
"154","two","154","9.24772623935548","7.69371335598087"
"155","two","155","9.260546752176","7.7063695032524"
"156","two","156","9.27328560567918","7.71894607836701"
"157","two","157","9.28594383352728","7.73144407548286"
"158","two","158","9.29852244987948","7.74386447024572"
"159","two","159","9.31102244987948","7.75620822024572"
"160","two","160","9.32344481012793","7.76847626546003"
"161","two","161","9.33579048914028","7.7806695286821"
"162","two","162","9.34806042779058","7.79278891593792"
"163","two","163","9.3602555497418","7.80483531688974"
"164","two","164","9.37237676186301","7.81680960522766"
"165","two","165","9.3844249546341","7.8287126390497"
"166","two","166","9.39640100253829","7.84054526123048"
"167","two","167","9.40830576444305","7.85230829977924"
"168","two","168","9.42014008396968","7.86400256818721"
"169","two","169","9.43190478985203","7.87562886576506"
"170","two","170","9.44360069628478","7.88718797797052"
"171","two","171","9.45522860326153","7.89868067672661"
"172","two","172","9.46678929690314","7.91010772073075"
"173","two","173","9.47828354977671","7.92146985575519"
"174","two","174","9.48971212120528","7.93276781493887"
"175","two","175","9.50107575756891","7.9440023190711"
"176","two","176","9.51237519259716","7.95517407686739"
"177","two","177","9.52361114765334","7.96628378523755"
"178","two","178","9.53478433201088","7.9773321295464"
"179","two","179","9.545895443122","7.98831978386739"
"180","two","180","9.5569451668789","7.99924741122919"
"181","two","181","9.56793417786791","8.01011566385568"
"182","two","182","9.57886313961655","8.02092518339942"
"183","two","183","9.58973270483394","8.03167660116879"
"184","two","184","9.60054351564475","8.04237053834922"
"185","two","185","9.61129620381679","8.05300760621833"
"186","two","186","9.62199139098257","8.0635884063556"
"187","two","187","9.63262968885491","8.07411353084632"
"188","two","188","9.64321169943692","8.08458356248037"
"189","two","189","9.65373801522639","8.09499907494575"
"190","two","190","9.66420921941488","8.10536063301707"
"191","two","191","9.67462588608154","8.11566879273929"
"192","two","192","9.68498858038206","8.12592410160664"
"193","two","193","9.69529785873257","8.13612709873705"
"194","two","194","9.70555426898899","8.14627831504211"
"195","two","195","9.71575835062164","8.1563782733928"
"196","two","196","9.7259106348856","8.16642748878098"
"197","two","197","9.73601164498661","8.17642646847693"
"198","two","198","9.74606189624289","8.1863757121829"
"199","two","199","9.75606189624289","8.1962757121829"
"200","two","200","9.76601214499911","8.20612695348881"
"201","two","201","9.77591313509812","8.21592991398288"
"202","two","202","9.78576535184689","8.22568506455678"
"203","two","203","9.79556927341551","8.23539286924728"
"204","two","204","9.80532537097649","8.24505378536864"
"205","two","205","9.81503410884057","8.25466826364181"
"206","two","206","9.82469594458936","8.26423674832056"
"207","two","207","9.83431132920474","8.27375967731464"
"208","two","208","9.84388070719517","8.28323748230995"
"209","two","209","9.85340451671898","8.29267058888591"
"210","two","210","9.86288318970477","8.30205941663013"
"211","two","211","9.87231715196892","8.31140437925027"
"212","two","212","9.88170682333042","8.3207058846835"
"213","two","213","9.89105261772294","8.3299643352032"
"214","two","214","9.90035494330434","8.33918012752337"
"215","two","215","9.9096142025636","8.3483536529006"
"216","two","216","9.91883079242535","8.35748529723367"
"217","two","217","9.92800510435195","8.36657544116095"
"218","two","218","9.93713752444328","8.37562446015555"
"219","two","219","9.94622843353419","8.38463272461836"
"220","two","220","9.95527820728984","8.39360059996899"
"221","two","221","9.96428721629885","8.40252844673467"
"222","two","222","9.97325582616432","8.41141662063722"
"223","two","223","9.98218439759289","8.42026547267804"
"224","two","224","9.99107328648178","8.42907534922125"
"225","two","225","9.99992284400391","8.43784659207503"
"226","two","226","10.0087334166911","8.44657953857118"
"227","two","227","10.0175053465157","8.4552745216429"
"228","two","228","10.0262389709698","8.46393186990094"
"229","two","229","10.0349346231438","8.47255190770812"
"230","two","230","10.0435926318018","8.48113495525221"
"231","two","231","10.0522133214569","8.48968132861725"
"232","two","232","10.0607970124441","8.49819133985341"
"233","two","233","10.0693440209911","8.50666529704532"
"234","two","234","10.0778546592889","8.51510350437895"
"235","two","235","10.0863292355601","8.52350626220716"
"236","two","236","10.0947680541255","8.53187386711379"
"237","two","237","10.1031714154701","8.54020661197644"
"238","two","238","10.1115396163069","8.54850478602801"
"239","two","239","10.1198729496402","8.5567686749169"
"240","two","240","10.1281717048269","8.56499856076597"
"241","two","241","10.1364361676369","8.57319472223035"
"242","two","242","10.1446666203118","8.58135743455402"
"243","two","243","10.1528633416232","8.58948696962523"
"244","two","244","10.1610266069294","8.5975835960309"
"245","two","245","10.1691566882302","8.60564757910975"
"246","two","246","10.1772538542221","8.61367918100456"
"247","two","247","10.1853183703511","8.62167866071319"
"248","two","248","10.1933504988652","8.62964627413878"
"249","two","249","10.2013504988652","8.63758227413878"
"250","two","250","10.2093186263552","8.64548691057313"
"251","ten","1","1","1"
"252","ten","2","1.90909090909091","1.08264462809917"
"253","ten","3","2.74242424242424","1.22153351698806"
"254","ten","4","3.51165501165501","1.39904830988747"
"255","ten","5","4.22594072594073","1.60312994254053"
"256","ten","6","4.89260739260739","1.82535216476275"
"257","ten","7","5.51760739260739","2.05972716476275"
"258","ten","8","6.10584268672504","2.30194169763473"
"259","ten","9","6.6613982422806","2.54885527788164"
"260","ten","10","7.18771403175428","2.79816275710602"
"261","ten","11","7.68771403175428","3.04816275710602"
"262","ten","12","8.16390450794476","3.29759586368198"
"263","ten","13","8.61844996249021","3.5455297479795"
"264","ten","14","9.05323257118586","3.79127643985096"
"265","ten","15","9.46989923785253","4.03433199540651"
"266","ten","16","9.86989923785253","4.27433199540651"
"267","ten","17","10.2545146224679","4.51101838593906"
"268","ten","18","10.6248849928383","4.74421454506114"
"269","ten","19","10.9820278499811","4.97380638179584"
"270","ten","20","11.326855436188","5.19972790379346"
"271","ten","21","11.6601887695214","5.42195012601568"
"272","ten","22","11.9827694146827","5.6404724985443"
"273","ten","23","12.2952694146827","5.8553162485443"
"274","ten","24","12.598299717713","6.06651918701996"
"275","ten","25","12.8924173647718","6.27413164376737"
"276","ten","26","13.1781316504861","6.47821327642043"
"277","ten","27","13.4559094282639","6.67883056037104"
"278","ten","28","13.7261796985341","6.87605481164935"
"279","ten","29","13.989337593271","7.06996062882387"
"280","ten","30","14.2457478496812","7.26062466564175"
"281","ten","31","14.4957478496812","7.44812466564175"
"282","ten","32","14.7396502887056","7.63253870490409"
"283","ten","33","14.9777455268008","7.8139446005957"
"284","ten","34","15.2103036663357","7.99241945186666"
"285","ten","35","15.4375763936085","8.1680392865774"
"286","ten","36","15.6597986158307","8.34087879275024"
"287","ten","37","15.8771899201785","8.51101111789202"
"288","ten","38","16.0899558776253","8.67850772269057"
"289","ten","39","16.2982892109587","8.84343827824613"
"290","ten","40","16.5023708436117","9.00587059811285"
"291","ten","41","16.7023708436117","9.16587059811285"
"292","ten","42","16.8984492749843","9.32350227823588"
"293","ten","43","17.090756967292","9.47882772202286"
"294","ten","44","17.279436212575","9.63190710970531"
"295","ten","45","17.4646213977602","9.78279874207842"
"296","ten","46","17.6464395795783","9.93155907265694"
"297","ten","47","17.8250110081498","10.0782427461263"
"298","ten","48","18.000449604641","10.2229026414787"
"299","ten","49","18.1728633977444","10.3655899185299"
"300","ten","50","18.3423549231682","10.5063540667631"
"301","ten","51","18.5090215898348","10.645242955652"
"302","ten","52","18.6729560160643","10.7823028857783"
"303","ten","53","18.834246338645","10.9175786402008"
"304","ten","54","18.9929764973751","11.0511135356405"
"305","ten","55","19.1492264973751","11.1829494731405"
"306","ten","56","19.3030726512213","11.3131269879334"
"307","ten","57","19.4545878027365","11.4416852983099"
"308","ten","58","19.6038415340797","11.5686623533332"
"309","ten","59","19.7509003576092","11.6940948792848"
"310","ten","60","19.895827893841","11.8180184247584"
"311","ten","61","20.0386850366982","11.9404674043503"
"312","ten","62","20.1795301071207","12.0614751409105"
"313","ten","63","20.3184189960096","12.1810739063426"
"314","ten","64","20.4554052973795","12.2992949609495"
"315","ten","65","20.5905404325146","12.4161685913366"
"316","ten","66","20.7238737658479","12.5317241468922"
"317","ten","67","20.8554527132164","12.64599007487"
"318","ten","68","20.9853228430865","12.7589939541076"
"319","ten","69","21.1135279712916","12.8707625274147"
"320","ten","70","21.2401102497726","12.9813217326702"
"321","ten","71","21.3651102497726","13.0906967326702"
"322","ten","72","21.4885670398961","13.1989119437661"
"323","ten","73","21.6105182594083","13.3059910633378"
"324","ten","74","21.7310001871191","13.4119570961437"
"325","ten","75","21.8500478061667","13.5168323795904"
"326","ten","76","21.9676948649903","13.6206386079641"
"327","ten","77","22.0839739347577","13.7233968556656"
"328","ten","78","22.1989164634933","13.8251275994891"
"329","ten","79","22.3125528271297","13.925850739985"
"330","ten","80","22.4249123776915","14.0255856219443"
"331","ten","81","22.5360234888026","14.1243510540431"
"332","ten","82","22.6459135986927","14.2221653276815"
"333","ten","83","22.7546092508666","14.3190462350539"
"334","ten","84","22.8621361325871","14.4150110864818"
"335","ten","85","22.9685191113105","14.5100767270432"
"336","ten","86","23.0737822692052","14.6042595525279"
"337","ten","87","23.1779489358719","14.6975755247502"
"338","ten","88","23.281041719377","14.7900401862445"
"339","ten","89","23.3830825357036","14.8816686743744"
"340","ten","90","23.4840926367137","14.9724757348784"
"341","ten","91","23.5840926367137","15.0624757348784"
"342","ten","92","23.6831025377038","15.1516826753745"
"343","ten","93","23.78114175339","15.2401102032484"
"344","ten","94","23.8782291320308","15.3277716227978"
"345","ten","95","23.9743829781847","15.4146799068215"
"346","ten","96","24.0696210734228","15.500847707275"
"347","ten","97","24.1639606960643","15.5862873655164"
"348","ten","98","24.2574186399895","15.6710109221589"
"349","ten","99","24.3500112325821","15.7550301265484"
"350","ten","100","24.4417543518481","15.8383564458818"
"351","ten","101","24.5326634427572","15.921001073981"
"352","ten","102","24.6227535328473","16.0029749397386"
"353","ten","103","24.712039247133","16.0842887152489"
"354","ten","104","24.8005348223543","16.1649528236364"
"355","ten","105","24.8882541205999","16.2449774465973"
"356","ten","106","24.975210642339","16.3243725316634"
"357","ten","107","25.0614175388907","16.4031477992021"
"358","ten","108","25.1468876243608","16.4813127491619"
"359","ten","109","25.2316333870727","16.5588766675761"
"360","ten","110","25.3156670005181","16.6358486328328"
"361","ten","111","25.3990003338514","16.7122375217217"
"362","ten","112","25.4816449619506","16.7880520152672"
"363","ten","113","25.5636121750653","16.8633006043562"
"364","ten","114","25.6449129880735","16.9379915951685"
"365","ten","115","25.7255581493638","17.0121331144193"
"366","ten","116","25.8055581493638","17.0857331144193"
"367","ten","117","25.8849232287289","17.1587993779618"
"368","ten","118","25.9636633862092","17.2313395230421"
"369","ten","119","26.0417883862092","17.3033610074171"
"370","ten","120","26.1193077660541","17.3748711330105"
"371","ten","121","26.1962308429772","17.4458770501702"
"372","ten","122","26.2725667208398","17.5163857617838"
"373","ten","123","26.3483242965974","17.5864041272567"
"374","ten","124","26.4235122665222","17.6559388663601"
"375","ten","125","26.4981391321938","17.7249965629518"
"376","ten","126","26.5722132062679","17.7935836685759"
"377","ten","127","26.6457426180326","17.8617065059462"
"378","ten","128","26.7187353187626","17.9293712723162"
"379","ten","129","26.7911990868785","17.9965840427426"
"380","ten","130","26.8631415329217","18.0633507732431"
"381","ten","131","26.9345701043502","18.1296773038553"
"382","ten","132","27.0054920901658","18.1955693615989"
"383","ten","133","27.0759146253771","18.2610325633446"
"384","ten","134","27.1458446953072","18.3260724185943"
"385","ten","135","27.2152891397516","18.3906943321745"
"386","ten","136","27.284254656993","18.4549036068475"
"387","ten","137","27.3527478076779","18.5187054458417"
"388","ten","138","27.4207750185623","18.5821049553053"
"389","ten","139","27.4883425861298","18.6451071466859"
"390","ten","140","27.5554566800896","18.7077169390376"
"391","ten","141","27.6221233467562","18.7699391612598"
"392","ten","142","27.6883485123192","18.8317785542689"
"393","ten","143","27.7541379860034","18.8932397731055"
"394","ten","144","27.8194974631276","18.9543273889797"
"395","ten","145","27.8844325280626","19.0150458912567"
"396","ten","146","27.9489486570949","19.0753996893836"
"397","ten","147","28.0130512211974","19.1353931147616"
"398","ten","148","28.0767454887134","19.1950304225632"
"399","ten","149","28.1400366279539","19.2543157934973"
"400","ten","150","28.2029297097149","19.3132533355249"
"401","ten","151","28.2654297097149","19.3718470855249"
"402","ten","152","28.3275415109571","19.4301010109136"
"403","ten","153","28.3892699060188","19.4880190112184"
"404","ten","154","28.4506195992704","19.5456049196079"
"405","ten","155","28.5115952090265","19.6028625043789"
"406","ten","156","28.5722012696325","19.6597954704028"
"407","ten","157","28.632442233488","19.716407460532"
"408","ten","158","28.6923224730089","19.7727020569678"
"409","ten","159","28.7518462825327","19.8286827825914"
"410","ten","160","28.8110178801659","19.8843531022581"
"411","ten","161","28.8698414095776","19.9397164240574"
"412","ten","162","28.9283209417414","19.994776100539"
"413","ten","163","28.9864604766251","20.0495354299063"
"414","ten","164","29.0442639448332","20.1039976571775"
"415","ten","165","29.101735209201","20.1581659753173"
"416","ten","166","29.1588780663439","20.2120435263377"
"417","ten","167","29.215696248162","20.2656334023707"
"418","ten","168","29.2721934233033","20.318938646713"
"419","ten","169","29.3283731985842","20.3719622548433"
"420","ten","170","29.3842391203719","20.4247071754138"
"421","ten","171","29.4397946759274","20.4771763112163"
"422","ten","172","29.495043294712","20.5293725201232"
"423","ten","173","29.549988349657","20.5812986160054"
"424","ten","174","29.6046331584002","20.632957369626"
"425","ten","175","29.6589809844872","20.6843515095126"
"426","ten","176","29.7130350385412","20.7354837228069"
"427","ten","177","29.7667984794014","20.786356656094"
"428","ten","178","29.8202744152303","20.8369729162101"
"429","ten","179","29.873465904592","20.8873350710313"
"430","ten","180","29.9263759575021","20.9374456502424"
"431","ten","181","29.9790075364494","20.9873071460873"
"432","ten","182","30.0313635573918","21.0369220141008"
"433","ten","183","30.0834468907252","21.086292673823"
"434","ten","184","30.1352603622278","21.1354215094964"
"435","ten","185","30.1868067539803","21.1843108707463"
"436","ten","186","30.2380888052624","21.2329630732447"
"437","ten","187","30.2891092134257","21.2813803993588"
"438","ten","188","30.3398706347454","21.3295650987842"
"439","ten","189","30.3903756852505","21.3775193891627"
"440","ten","190","30.4406269415319","21.4252454566862"
"441","ten","191","30.4906269415319","21.4727454566862"
"442","ten","192","30.540378185313","21.5200215142096"
"443","ten","193","30.589883135808","21.5670757245811"
"444","ten","194","30.6391442195519","21.6139101539533"
"445","ten","195","30.688163827395","21.6605268398434"
"446","ten","196","30.7369443151999","21.7069277916578"
"447","ten","197","30.7854880045203","21.7531149912053"
"448","ten","198","30.8337971832643","21.7990903931984"
"449","ten","199","30.8818741063412","21.8448559257427"
"450","ten","200","30.9297209962933","21.8904134908168"
"451","ten","201","30.9773400439124","21.9357649647397"
"452","ten","202","31.0247334088413","21.9809121986293"
"453","ten","203","31.071903220162","22.0258570188501"
"454","ten","204","31.1188515769696","22.0706012274506"
"455","ten","205","31.1655805489322","22.1151466025926"
"456","ten","206","31.2120921768391","22.159494898969"
"457","ten","207","31.2583884731354","22.2036478482145"
"458","ten","208","31.3044714224442","22.2476071593063"
"459","ten","209","31.3503429820772","22.2913745189562"
"460","ten","210","31.3960050825339","22.3349515919947"
"461","ten","211","31.4414596279884","22.3783400217467"
"462","ten","212","31.4867084967667","22.4215414303993"
"463","ten","213","31.5317535418117","22.4645574193612"
"464","ten","214","31.5765965911391","22.5073895696156"
"465","ten","215","31.6212394482819","22.5500394420646"
"466","ten","216","31.6656838927264","22.5925085778671"
"467","ten","217","31.709931680337","22.6347984987692"
"468","ten","218","31.7539845437731","22.6769107074285"
"469","ten","219","31.7978441928959","22.7188466877301"
"470","ten","220","31.8415123151667","22.7606079050982"
"471","ten","221","31.8849905760362","22.8021958067995"
"472","ten","222","31.9282806193263","22.8436118222415"
"473","ten","223","31.9713840676021","22.8848573632641"
"474","ten","224","32.0143025225378","22.9259338244256"
"475","ten","225","32.0570375652728","22.9668425832831"
"476","ten","226","32.0995907567622","23.0075850006666"
"477","ten","227","32.1419636381181","23.0481624209481"
"478","ten","228","32.1841577309451","23.0885761723056"
"479","ten","229","32.2261745376678","23.1288275669811"
"480","ten","230","32.2680155418519","23.1689179015341"
"481","ten","231","32.3096822085186","23.2088484570896"
"482","ten","232","32.3511759844522","23.248620499582"
"483","ten","233","32.3924982985018","23.2882352799932"
"484","ten","234","32.4336505618762","23.3276940345868"
"485","ten","235","32.4746341684336","23.3669979851378"
"486","ten","236","32.5154504949642","23.4061483391569"
"487","ten","237","32.5561009014683","23.445146290112"
"488","ten","238","32.5965867314278","23.483993017644"
"489","ten","239","32.636909312073","23.5226896877793"
"490","ten","240","32.6770699546433","23.5612374531379"
"491","ten","241","32.7170699546433","23.5996374531379"
"492","ten","242","32.7569105920934","23.6378908141957"
"493","ten","243","32.796593131776","23.6759986499226"
"494","ten","244","32.8361188234756","23.7139620613179"
"495","ten","245","32.8754889022157","23.751782136958"
"496","ten","246","32.9147045884903","23.7894599531825"
"497","ten","247","32.9537670884903","23.8269965742763"
"498","ten","248","32.9926775943268","23.8643930526484"
"499","ten","249","33.0314372842493","23.901650429008"
"500","ten","250","33.0700473228594","23.9387697325366"
"501","twenty","1",NA,"1"
"502","twenty","2","1.95238095238095","1.0453514739229"
"503","twenty","3","2.86147186147186","1.12799610202208"
"504","twenty","4","3.73103707886317","1.24141765211659"
"505","twenty","5","4.5643704121965","1.38030654100548"
"506","twenty","6","5.3643704121965","1.54030654100548"
"507","twenty","7","6.13360118142727","1.71782133390489"
"508","twenty","8","6.87434192216801","1.90986522965249"
"509","twenty","9","7.58862763645372","2.11394686230555"
"510","twenty","10","8.27828280886752","2.32797777788225"
"511","twenty","11","8.94494947553418","2.55020000010447"
"512","twenty","12","9.59011076585676","2.77912819989635"
"513","twenty","13","10.2151107658568","3.01350319989635"
"514","twenty","14","10.8211713719174","3.25225434773841"
"515","twenty","15","11.409406666035","3.49446888061038"
"516","twenty","16","11.9808352374636","3.73936683979406"
"517","twenty","17","12.5363907930191","3.98628042004097"
"518","twenty","18","13.0769313335597","4.23463688461365"
"519","twenty","19","13.6032471230334","4.48394436383803"
"520","twenty","20","14.1160676358539","4.73377999828904"
"521","twenty","21","14.6160676358539","4.98377999828904"
"522","twenty","22","15.1038725139027","5.23363127728964"
"523","twenty","23","15.5800629900931","5.4830643838656"
"524","twenty","24","16.0451792691629","5.73184750987967"
"525","twenty","25","16.4997247237084","5.97978139417719"
"526","twenty","26","16.9441691681528","6.2266949744241"
"527","twenty","27","17.3789517768485","6.47244166629556"
"528","twenty","28","17.8044836917421","6.71689617059614"
"529","twenty","29","18.2211503584087","6.9599517261517"
"530","twenty","30","18.6293136237149","7.20151774031247"
"531","twenty","31","19.0293136237149","7.44151774031246"
"532","twenty","32","19.42147048646","7.67988759805948"
"533","twenty","33","19.8060858710753","7.91657398859203"
"534","twenty","34","20.1834443616414","8.15153304875579"
"535","twenty","35","20.5538147320118","8.38472920787788"
"536","twenty","36","20.9174510956481","8.61613416655556"
"537","twenty","37","21.274593952791","8.84572600329025"
"538","twenty","38","21.6254711457734","9.07348839171746"
"539","twenty","39","21.9702987319803","9.29940991371509"
"540","twenty","40","22.3092817828278","9.52348345580069"
"541","twenty","41","22.6426151161611","9.74570567802291"
"542","twenty","42","22.9704839686201","9.96607654606914"
"543","twenty","43","23.2930646137814","10.1845989185978"
"544","twenty","44","23.6105249312417","10.4012781828961"
"545","twenty","45","23.9230249312417","10.6161219328961"
"546","twenty","46","24.2307172389341","10.8291396843754"
"547","twenty","47","24.5337475419644","11.040342622851"
"548","twenty","48","24.8322550046509","11.249743380258"
"549","twenty","49","25.1263726517097","11.4573558370054"
"550","twenty","50","25.4162277241735","11.6631949464362"
"551","twenty","51","25.7019420098878","11.8672765790893"
"552","twenty","52","25.9836321507329","12.069617384485"
"553","twenty","53","26.2614099285106","12.2702346684356"
"554","twenty","54","26.5353825312504","12.4691462841234"
"555","twenty","55","26.8056528015206","12.6663705354017"
"556","twenty","56","27.0723194681873","12.8619260909573"
"557","twenty","57","27.3354773629242","13.0558319081318"
"558","twenty","58","27.5952176226644","13.2481071653421"
"559","twenty","59","27.8516278790747","13.43877120216"
"560","twenty","60","28.1047924360367","13.6278434662202"
"561","twenty","61","28.3547924360367","13.8153434662202"
"562","twenty","62","28.6017060162836","14.0012907303568"
"563","twenty","63","28.845608455308","14.1857047696191"
"564","twenty","64","29.0865723107297","14.3686050454211"
"565","twenty","65","29.3246675488249","14.5500109411127"
"566","twenty","66","29.559961666472","14.7299417369605"
"567","twenty","67","29.7925198060069","14.9084165882315"
"568","twenty","68","30.0224048634781","15.0854545060541"
"569","twenty","69","30.2496775907509","15.2610743407649"
"570","twenty","70","30.4743966918744","15.4352947674787"
"571","twenty","71","30.6966189140967","15.6081342736515"
"572","twenty","72","30.9163991338769","15.7796111484251"
"573","twenty","73","31.1337904382247","15.9497434735669"
"574","twenty","74","31.3488442016656","16.1185491158377"
"575","twenty","75","31.5616101591124","16.2860457206362"
"576","twenty","76","31.7721364749019","16.4522507067858"
"577","twenty","77","31.9804698082352","16.6171812623414"
"578","twenty","78","32.1866553752455","16.7808543413083"
"579","twenty","79","32.3907370078986","16.943286661175"
"580","twenty","80","32.5927572099188","17.1044947011709"
"581","twenty","81","32.7927572099188","17.2644947011709"
"582","twenty","82","32.990777011899","17.4233026611749"
"583","twenty","83","33.1868554432715","17.5809343412979"
"584","twenty","84","33.3810302005531","17.7374052622141"
"585","twenty","85","33.5733378928608","17.8927307060011"
"586","twenty","86","33.763814083337","18.046925717339"
"587","twenty","87","33.95249332862","18.2000051050214"
"588","twenty","88","34.1394092164704","18.3519834437409"
"589","twenty","89","34.3245944016556","18.5028750761141"
"590","twenty","90","34.5080806401877","18.6526941149155"
"591","twenty","91","34.6898988220059","18.801454445494"
"592","twenty","92","34.8700790021861","18.9491697283444"
"593","twenty","93","35.0486504307575","19.0958534018138"
"594","twenty","94","35.2256415812","19.2415186849213"
"595","twenty","95","35.4010801776912","19.3861785802738"
"596","twenty","96","35.5749932211695","19.5298458770601"
"597","twenty","97","35.7474070142729","19.6725331541113"
"598","twenty","98","35.9183471852131","19.8142527830104"
"599","twenty","99","36.0878387106368","19.9550169312437"
"600","twenty","100","36.2559059375276","20.0948375653797"
"601","twenty","101","36.4225726041943","20.2337264542686"
"602","twenty","102","36.5878618603926","20.3716951722523"
"603","twenty","103","36.7517962866221","20.5087551023786"
"604","twenty","104","36.9143979126384","20.6449174396117"
"605","twenty","105","37.075688235219","20.7801931940342"
"606","twenty","106","37.235688235219","20.9145931940342"
"607","twenty","107","37.3944183939492","21.0481280894739"
"608","twenty","108","37.5518987089098","21.1808083548344"
"609","twenty","109","37.7081487089098","21.3126442923344"
"610","twenty","110","37.8631874685997","21.4436460350181"
"611","twenty","111","38.0170336224459","21.573823549811"
"612","twenty","112","38.1697053781711","21.70318664054"
"613","twenty","113","38.3212205296862","21.8317449509165"
"614","twenty","114","38.4715964695359","21.9595079674805"
"615","twenty","115","38.6208502008791","22.0864850225039"
"616","twenty","116","38.7689983490273","22.2126852968523"
"617","twenty","117","38.9160571725567","22.3381178228038"
"618","twenty","118","39.0620425740166","22.4627914868243"
"619","twenty","119","39.2069701102484","22.5867150322979"
"620","twenty","120","39.3508550023348","22.7098970622136"
"621","twenty","121","39.4937121451919","22.8323460418054"
"622","twenty","122","39.6355561168231","22.9540703011485"
"623","twenty","123","39.7764011872456","23.0750780377087"
"624","twenty","124","39.9162613271058","23.1953773188472"
"625","twenty","125","40.0551502159947","23.3149760842793"
"626","twenty","126","40.1930812504774","23.4338821484885"
"627","twenty","127","40.3300675518473","23.5521032030954"
"628","twenty","128","40.466121973616","23.6696468191813"
"629","twenty","129","40.6012571087511","23.7865204495684"
"630","twenty","130","40.7354852966706","23.9027314310558"
"631","twenty","131","40.8688186300039","24.0182869866113"
"632","twenty","132","41.0012689611298","24.1331942275218"
"633","twenty","133","41.1328479084982","24.2474601554996"
"634","twenty","134","41.2635668627466","24.3610916647482"
"635","twenty","135","41.3934369926167","24.4740955439859"
"636","twenty","136","41.5224692506812","24.5864784784291"
"637","twenty","137","41.6506743788863","24.6982470517362"
"638","twenty","138","41.7780629139182","24.8094077479105"
"639","twenty","139","41.9046451923992","24.919966953166"
"640","twenty","140","42.0304313559212","25.0299309577545"
"641","twenty","141","42.1554313559212","25.1393059577545"
"642","twenty","142","42.2796549584057","25.2480980568247"
"643","twenty","143","42.4031117485291","25.3563132679206"
"644","twenty","144","42.5258111350322","25.4639575149754"
"645","twenty","145","42.6477623545444","25.5710366345471"
"646","twenty","146","42.7689744757565","25.6775563774305"
"647","twenty","147","42.8894564034674","25.7835224102364"
"648","twenty","148","43.0092168825093","25.888940316938"
"649","twenty","149","43.1282645015569","25.9938156003847"
"650","twenty","150","43.2466076968232","26.0981536837851"
"651","twenty","151","43.3642547556467","26.2019599121588"
"652","twenty","152","43.4812138199742","26.305239553758"
"653","twenty","153","43.5974928897416","26.4079978014594"
"654","twenty","154","43.7130998261578","26.5102397741281"
"655","twenty","155","43.8280423548934","26.6119705179516"
"656","twenty","156","43.9423280691791","26.7131950077475"
"657","twenty","157","44.0559644328155","26.8139181482433"
"658","twenty","158","44.168958783098","26.9141447753301"
"659","twenty","159","44.2813183336598","27.0138796572894"
"660","twenty","160","44.3930501772352","27.1131274959961"
"661","twenty","161","44.5041612883463","27.2118929280948"
"662","twenty","162","44.6146585259154","27.3101805261535"
"663","twenty","163","44.7245486358055","27.407994799792"
"664","twenty","164","44.8338382532918","27.505340196788"
"665","twenty","165","44.9425339054658","27.6022211041604"
"666","twenty","166","45.0506420135739","27.6986418492298"
"667","twenty","167","45.1581688952943","27.7946067006577"
"668","twenty","168","45.265120766952","27.8901198694643"
"669","twenty","169","45.3715037456754","27.9851855100257"
"670","twenty","170","45.4773238514956","28.07980772105"
"671","twenty","171","45.5825870093903","28.1739905465348"
"672","twenty","172","45.6872990512751","28.2677379767039"
"673","twenty","173","45.7914657179418","28.3610539489261"
"674","twenty","174","45.895092660947","28.4539423486147"
"675","twenty","175","45.9981854444521","28.546407010109"
"676","twenty","176","46.1007495470162","28.6384517175384"
"677","twenty","177","46.2027903633427","28.7300802056683"
"678","twenty","178","46.3043132059823","28.8212961607303"
"679","twenty","179","46.4053233069924","28.9121032212343"
"680","twenty","180","46.5058258195552","29.0025049787657"
"681","twenty","181","46.6058258195552","29.0925049787657"
"682","twenty","182","46.7053283071174","29.1821067212968"
"683","twenty","183","46.8043382081075","29.2713136617928"
"684","twenty","184","46.9028603755952","29.360129211794"
"685","twenty","185","47.0008995912815","29.4485567396679"
"686","twenty","186","47.0984605668913","29.5365995713158"
"687","twenty","187","47.195547945532","29.6242609908652"
"688","twenty","188","47.29216630302","29.7115442413495"
"689","twenty","189","47.3883201491738","29.7984525253731"
"690","twenty","190","47.4840139290781","29.8849890057651"
"691","twenty","191","47.5792520243162","29.9711568062186"
"692","twenty","192","47.674038754174","30.0569590119193"
"693","twenty","193","47.7683783768155","30.1423986701606"
"694","twenty","194","47.8622750904306","30.2274787909479"
"695","twenty","195","47.9557330343558","30.3122023475904"
"696","twenty","196","48.0487562901697","30.3965722772822"
"697","twenty","197","48.1413488827623","30.4805914816717"
"698","twenty","198","48.2335147813798","30.5642628274213"
"699","twenty","199","48.3252579006459","30.6475891467547"
"700","twenty","200","48.4165821015591","30.7305732379955"
"701","twenty","201","48.5074911924682","30.8132178660947"
"702","twenty","202","48.5979889300248","30.8955257631484"
"703","twenty","203","48.6880790201149","30.977499628906"
"704","twenty","204","48.7777651187696","31.0591421312688"
"705","twenty","205","48.8670508330553","31.140455906779"
"706","twenty","206","48.9559397219442","31.2214435611"
"707","twenty","207","49.0444352971654","31.3021076694875"
"708","twenty","208","49.1325410240377","31.3824507772521"
"709","twenty","209","49.2202603222833","31.462475400213"
"710","twenty","210","49.3075965668248","31.5421840251438"
"711","twenty","211","49.3945530885639","31.62157911021"
"712","twenty","212","49.481133175144","31.7006630853979"
"713","twenty","213","49.5673400716957","31.7794383529365"
"714","twenty","214","49.653176981567","31.8579072877115"
"715","twenty","215","49.738647067037","31.9360722376713"
"716","twenty","216","49.8237534500158","32.0139355242263"
"717","twenty","217","49.9084992127276","32.0914994426406"
"718","twenty","218","49.9928873983816","32.1687662624166"
"719","twenty","219","50.076921011827","32.2457382276733"
"720","twenty","220","50.1606030201952","32.322417557517"
"721","twenty","221","50.2439363535286","32.3988064464059"
"722","twenty","222","50.3269239053958","32.4749070645082"
"723","twenty","223","50.409568533495","32.5507215580537"
"724","twenty","224","50.4918730602439","32.6262520496793"
"725","twenty","225","50.5738402733587","32.7015006387683"
"726","twenty","226","50.6554729264199","32.7764694017837"
"727","twenty","227","50.736773739428","32.851160392596"
"728","twenty","228","50.8177453993471","32.925575642805"
"729","twenty","229","50.8983905606374","32.9997171620558"
"730","twenty","230","50.9787118457779","33.0735869383497"
"731","twenty","231","51.0587118457779","33.1471869383497"
"732","twenty","232","51.1383931206783","33.2205191076804"
"733","twenty","233","51.2177582000434","33.2935853712228"
"734","twenty","234","51.2968095834426","33.3663876334047"
"735","twenty","235","51.3755497409229","33.438927778485"
"736","twenty","236","51.453981113472","33.5112076708341"
"737","twenty","237","51.532106113472","33.5832291552091"
"738","twenty","238","51.6099271251451","33.6549940570244"
"739","twenty","239","51.6874465049901","33.7265041826178"
"740","twenty","240","51.7646665822102","33.797761319512"
"741","twenty","241","51.8415896591332","33.8687672366718"
"742","twenty","242","51.9182180116237","33.9395236847568"
"743","twenty","243","51.9945538894863","34.0100323963703"
"744","twenty","244","52.0705995168627","34.0802950863037"
"745","twenty","245","52.1463570926203","34.1503134517766"
"746","twenty","246","52.2218287907335","34.2200891726737"
"747","twenty","247","52.2970167606583","34.2896239117771"
"748","twenty","248","52.3719231276995","34.358919314995"
"749","twenty","249","52.4465499933711","34.4279770115867"
"750","twenty","250","52.5208994357503","34.4967986143838"
"751","five","1",NA,"1"
"752","five","2","1.83333333333333","1.13888888888889"
"753","five","3","2.54761904761905","1.34297052154195"
"754","five","4","3.17261904761905","1.57734552154195"
"755","five","5","3.7281746031746","1.82425910178886"
"756","five","6","4.2281746031746","2.07425910178886"
"757","five","7","4.68272005772006","2.32219298608638"
"758","five","8","5.09938672438672","2.56524854164194"
"759","five","9","5.48400210900211","2.80193493217448"
"760","five","10","5.84114496614497","3.03152676890918"
"761","five","11","6.1744782994783","3.2537489911314"
"762","five","12","6.4869782994783","3.4685927411314"
"763","five","13","6.78109594653712","3.67620519787881"
"764","five","14","7.0588737243149","3.87682248182942"
"765","five","15","7.32203161905174","4.07072829900394"
"766","five","16","7.57203161905174","4.25822829900394"
"767","five","17","7.81012685714698","4.43963419469555"
"768","five","18","8.03739958441971","4.61525402940629"
"769","five","19","8.25479088876753","4.78538635454807"
"770","five","20","8.46312422210087","4.95031691010362"
"771","five","21","8.66312422210087","5.11031691010363"
"772","five","22","8.85543191440856","5.26564235389061"
"773","five","23","9.04061709959375","5.41653398626372"
"774","five","24","9.21918852816517","5.56321765973311"
"775","five","25","9.39160232126862","5.70590493678424"
"776","five","26","9.55826898793529","5.84479382567313"
"777","five","27","9.71955931051593","5.9800695800956"
"778","five","28","9.87580931051593","6.1119055175956"
"779","five","29","10.0273244620311","6.2404638279721"
"780","five","30","10.1743832855605","6.36589635392365"
"781","five","31","10.3172404284176","6.48834533351549"
"782","five","32","10.4561293173065","6.60794409894759"
"783","five","33","10.5912644524417","6.72481772933473"
"784","five","34","10.7228433998101","6.83908365731257"
"785","five","35","10.8510485280152","6.9508522306196"
"786","five","36","10.9760485280152","7.0602272306196"
"787","five","37","11.0979997475274","7.16730635019129"
"788","five","38","11.217047366575","7.272181633638"
"789","five","39","11.3333264363425","7.37493988133946"
"790","five","40","11.4469627999788","7.47566302183533"
"791","five","41","11.5580739110899","7.57442845393409"
"792","five","42","11.6667695632639","7.6713093613065"
"793","five","43","11.7731525419873","7.76637500186784"
"794","five","44","11.8773192086539","7.85969097409006"
"795","five","45","11.9793600249805","7.95131946222"
"796","five","46","12.0793600249805","8.04131946222"
"797","five","47","12.1773992406667","8.1297469900939"
"798","five","48","12.2735530868206","8.21665527411757"
"799","five","49","12.3678927094621","8.30209493235893"
"800","five","50","12.4604853020547","8.38611413674851"
"801","five","51","12.5513943929638","8.46875876484768"
"802","five","52","12.6406801072495","8.55007254035789"
"803","five","53","12.7283994054951","8.6300971633188"
"804","five","54","12.8146063020468","8.70887243085744"
"805","five","55","12.8993520647587","8.78643634927169"
"806","five","56","12.982685398092","8.86282523816058"
"807","five","57","13.0646526112068","8.93807382724953"
"808","five","58","13.1452977724971","9.01221534650031"
"809","five","59","13.2246628518622","9.08528161004277"
"810","five","60","13.3027878518622","9.15730309441777"
"811","five","61","13.3797109287853","9.22830901157753"
"812","five","62","13.4554685045428","9.29832737705044"
"813","five","63","13.5300953702145","9.36738507364211"
"814","five","64","13.6036247819792","9.43550791101235"
"815","five","65","13.6760885500951","9.50272068143873"
"816","five","66","13.7475171215237","9.56904721205098"
"817","five","67","13.817939656735","9.63451041379667"
"818","five","68","13.8873841011794","9.69913232737691"
"819","five","69","13.9558772518643","9.7629341663711"
"820","five","70","14.0234448194319","9.82593635775167"
"821","five","71","14.0901114860986","9.88815857997389"
"822","five","72","14.1559009597828","9.94961979881045"
"823","five","73","14.2208360247178","10.0103383010874"
"824","five","74","14.2849385888204","10.0703317264654"
"825","five","75","14.3482297280609","10.1296170973996"
"826","five","76","14.4107297280609","10.1882108473996"
"827","five","77","14.4724581231226","10.2461288477044"
"828","five","78","14.5334337328787","10.3033864324754"
"829","five","79","14.5936746967342","10.3599984226046"
"830","five","80","14.653198506258","10.4159791482282"
"831","five","81","14.7120220356697","10.4713424700275"
"832","five","82","14.7701615705535","10.5261017993947"
"833","five","83","14.8276328349213","10.5802701175345"
"834","five","84","14.8844510167395","10.6338599935675"
"835","five","85","14.9406307920204","10.6868836016978"
"836","five","86","14.9961863475759","10.7393527375003"
"837","five","87","15.051131402521","10.7912788333824"
"838","five","88","15.1054792286079","10.842672973269"
"839","five","89","15.1592426694681","10.8935459065561"
"840","five","90","15.2124341588298","10.9439080613773"
"841","five","91","15.2650657377772","10.9937695572221"
"842","five","92","15.3171490711105","11.0431402169444"
"843","five","93","15.3686954628631","11.0920295781942"
"844","five","94","15.4197158710264","11.1404469043084"
"845","five","95","15.4702209215314","11.1884011946869"
"846","five","96","15.5202209215314","11.2359011946869"
"847","five","97","15.5697258720265","11.2829554050584"
"848","five","98","15.6187454798696","11.3295720909485"
"849","five","99","15.66728916919","11.375759290496"
"850","five","100","15.7153660922669","11.4215248230404"
"851","five","101","15.762985139886","11.4668762969633"
"852","five","102","15.8101549512067","11.511821117184"
"853","five","103","15.8568839231694","11.556366492326"
"854","five","104","15.9031802194656","11.6005194415715"
"855","five","105","15.9490517790987","11.6442868012214"
"856","five","106","15.9945063245532","11.6876752309734"
"857","five","107","16.0395513695983","11.7306912199354"
"858","five","108","16.0841942267411","11.7733410923843"
"859","five","109","16.1284420143517","11.8156310132865"
"860","five","110","16.1723016634745","11.8575669935882"
"861","five","111","16.2157799243441","11.8991548952895"
"862","five","112","16.25888337262","11.9404004363121"
"863","five","113","16.301618415355","11.9813091951695"
"864","five","114","16.343991296711","12.0218866154511"
"865","five","115","16.3860081034336","12.0621380101266"
"866","five","116","16.4276747701003","12.1020685656821"
"867","five","117","16.4689970841499","12.1416833460933"
"868","five","118","16.5099806907073","12.1809872966443"
"869","five","119","16.5506310972113","12.2199852475994"
"870","five","120","16.5909536778565","12.2586819177346"
"871","five","121","16.6309536778565","12.2970819177346"
"872","five","122","16.670636217539","12.3351897534615"
"873","five","123","16.7100062962792","12.3730098291017"
"874","five","124","16.7490687962792","12.4105464501954"
"875","five","125","16.7878284862017","12.447803826555"
"876","five","126","16.8262900246632","12.4847860750757"
"877","five","127","16.8644579635945","12.5214972224448"
"878","five","128","16.9023367514733","12.5579412077524"
"879","five","129","16.9399307364357","12.5941218850094"
"880","five","130","16.9772441692715","12.6300430255753"
"881","five","131","17.0142812063086","12.6657083204998"
"882","five","132","17.0510459121909","12.7011213827836"
"883","five","133","17.0875422625559","12.7362857495586"
"884","five","134","17.1237741466139","12.7712048841941"
"885","five","135","17.1597453696354","12.8058821783301"
"886","five","136","17.1954596553497","12.8403209538403"
"887","five","137","17.2309206482575","12.8745244647301"
"888","five","138","17.2661319158632","12.9084958989693"
"889","five","139","17.3010969508282","12.9422383802642"
"890","five","140","17.3358191730504","12.9757549697704"
"891","five","141","17.3703019316711","13.009048667749"
"892","five","142","17.4045485070136","13.0421224151688"
"893","five","143","17.4385621124557","13.0749790952558"
"894","five","144","17.4723458962395","13.1076215349928"
"895","five","145","17.5059029432194","13.1400525065707"
"896","five","146","17.5392362765527","13.1722747287929"
"897","five","147","17.5723488593342","13.2042908684359"
"898","five","148","17.6052435961763","13.2361035415661"
"899","five","149","17.6379233347384","13.2677153148157"
"900","five","150","17.6703908672059","13.2991287066187"
"901","five","151","17.702648931722","13.3303461884085"
"902","five","152","17.7347002137733","13.3613701857786"
"903","five","153","17.7665473475313","13.392203079608"
"904","five","154","17.7981929171515","13.4228472071517"
"905","five","155","17.829639458032","13.4533048630988"
"906","five","156","17.860889458032","13.4835783005988"
"907","five","157","17.8919453586532","13.5136697322565"
"908","five","158","17.922809556184","13.5435813310982"
"909","five","159","17.9534844028098","13.5733152315084"
"910","five","160","17.9839722076878","13.6028735301402"
"911","five","161","18.0142752379909","13.6322582867977"
"912","five","162","18.0443957199186","13.6614715252938"
"913","five","163","18.0743358396791","13.6905152342831"
"914","five","164","18.104097744441","13.7193913680699"
"915","five","165","18.1336835432575","13.7481018473948"
"916","five","166","18.1630953079634","13.7766485601976"
"917","five","167","18.1923350740453","13.805033362359"
"918","five","168","18.2214048414871","13.8332580784217"
"919","five","169","18.2503065755912","13.8613245022915"
"920","five","170","18.2790422077751","13.8892343979184"
"921","five","171","18.3076136363465","13.9169894999592"
"922","five","172","18.3360227272556","13.9445915144221"
"923","five","173","18.3642713148262","13.9720421192929"
"924","five","174","18.3923612024667","13.9993429651457"
"925","five","175","18.4202941633605","14.0264956757353"
"926","five","176","18.4480719411383","14.0535018485748"
"927","five","177","18.4756962505306","14.0803630554977"
"928","five","178","18.5031687780031","14.1070808432045"
"929","five","179","18.5304911823747","14.1336567337954"
"930","five","180","18.5576650954182","14.1600922252888"
"931","five","181","18.5846921224452","14.1863887921259"
"932","five","182","18.6115738428753","14.2125478856627"
"933","five","183","18.6383118107898","14.238570934649"
"934","five","184","18.6649075554706","14.2644593456947"
"935","five","185","18.6913625819256","14.290214503725"
"936","five","186","18.7176783713993","14.315837772423"
"937","five","187","18.7438563818705","14.341330494662"
"938","five","188","18.7698980485372","14.3666939929259"
"939","five","189","18.7958047842885","14.3919295697199"
"940","five","190","18.8215779801648","14.4170385079705"
"941","five","191","18.8472190058058","14.4420220714156"
"942","five","192","18.8727292098874","14.466881504985"
"943","five","193","18.8981099205473","14.4916180351713"
"944","five","194","18.9233624457999","14.5162328703922"
"945","five","195","18.9484880739406","14.5407272013434"
"946","five","196","18.9734880739406","14.5651022013434"
"947","five","197","18.9983636958311","14.5893590266695"
"948","five","198","19.0231161710786","14.6134988168862"
"949","five","199","19.0477467129505","14.6375226951652"
"950","five","200","19.0722565168721","14.6614317685985"
"951","five","201","19.0966467607746","14.6852271285033"
"952","five","202","19.1209186054347","14.7089098507203"
"953","five","203","19.1450731948067","14.7324809959045"
"954","five","204","19.1691116563452","14.7559416098098"
"955","five","205","19.1930351013213","14.7792927235664"
"956","five","206","19.2168446251308","14.8025353539519"
"957","five","207","19.2405413075952","14.8256705036565"
"958","five","208","19.2641262132556","14.8486991615419"
"959","five","209","19.2876003916594","14.8716223028939"
"960","five","210","19.3109648776407","14.8944408896701"
"961","five","211","19.3342206915942","14.9171558707409"
"962","five","212","19.3573688397423","14.9397681821264"
"963","five","213","19.3804103143967","14.9622787472265"
"964","five","214","19.4033460942132","14.9846884770472"
"965","five","215","19.4261771444415","15.006998270421"
"966","five","216","19.4489044171688","15.0292090142226"
"967","five","217","19.4715288515579","15.0513215835804"
"968","five","218","19.4940513740805","15.0733368420821"
"969","five","219","19.5164728987441","15.0952556419775"
"970","five","220","19.5387943273156","15.1170788243755"
"971","five","221","19.5610165495378","15.1388072194372"
"972","five","222","19.5831404433431","15.1604416465654"
"973","five","223","19.6051668750612","15.1819829145893"
"974","five","224","19.6270966996226","15.2034318219454"
"975","five","225","19.6489307607579","15.2247891568551"
"976","five","226","19.6706698911927","15.2460556974978"
"977","five","227","19.6923149128377","15.2672322121808"
"978","five","228","19.7138666369757","15.2883194595054"
"979","five","229","19.7353258644435","15.3093181885297"
"980","five","230","19.756693385811","15.3302291389278"
"981","five","231","19.7779699815557","15.351053041146"
"982","five","232","19.7991564222337","15.3717906165554"
"983","five","233","19.8202534686472","15.3924425776015"
"984","five","234","19.8412618720085","15.4130096279511"
"985","five","235","19.8621823741005","15.4334924626354"
"986","five","236","19.8830157074339","15.4538917681909"
"987","five","237","19.9037625954007","15.4742082227974"
"988","five","238","19.9244237524255","15.4944424964126"
"989","five","239","19.9449998841127","15.5145952509046"
"990","five","240","19.9654916873914","15.5346671401817"
"991","five","241","19.9858998506567","15.5546588103191"
"992","five","242","20.0062250539088","15.5745708996839"
"993","five","243","20.0264679688885","15.5944040390568"
"994","five","244","20.0466292592111","15.6141588517519"
"995","five","245","20.0667095804962","15.6338359537342"
"996","five","246","20.0867095804962","15.6534359537342"
"997","five","247","20.1066298992213","15.6729594533611"
"998","five","248","20.1264711690626","15.6924070472135"
"999","five","249","20.1462340149124","15.7117793229872"
"1000","five","250","20.1659190542825","15.7310768615823"
"1001","fifteen","1",NA,"1"
"1002","fifteen","2","1.9375","1.05859375"
"1003","fifteen","3","2.81985294117647","1.1623999783737"
"1004","fifteen","4","3.6531862745098","1.30128886726259"
"1005","fifteen","5","4.44265995872033","1.46749385341218"
"1006","fifteen","6","5.19265995872033","1.65499385341218"
"1007","fifteen","7","5.90694567300604","1.85907548606524"
"1008","fifteen","8","6.58876385482423","2.07601763482557"
"1009","fifteen","9","7.2409377678677","2.3028607350146"
"1010","fifteen","10","7.8659377678677","2.5372357350146"
"1011","fifteen","11","8.4659377678677","2.7772357350146"
"1012","fifteen","12","9.04286084479078","3.02131857525129"
"1013","fifteen","13","9.59841640034634","3.2682321554982"
"1014","fifteen","14","10.1341306860606","3.51695664529412"
"1015","fifteen","15","10.651372065371","3.7666593801336"
"1016","fifteen","16","11.151372065371","4.0166593801336"
"1017","fifteen","17","11.6352430331129","4.26639923445202"
"1018","fifteen","18","12.1039930331129","4.51542267195202"
"1019","fifteen","19","12.5585384876584","4.76335655624954"
"1020","fifteen","20","12.9997149582466","5.00989634863708"
"1021","fifteen","21","13.428286386818","5.25479430782075"
"1022","fifteen","22","13.8449530534847","5.49784986337631"
"1023","fifteen","23","14.2503584588901","5.73890172604979"
"1024","fifteen","24","14.6450953009954","5.97782139363982"
"1025","fifteen","25","15.0297106856107","6.21450778417237"
"1026","fifteen","26","15.4047106856107","6.44888278417237"
"1027","fifteen","27","15.7705643441473","6.68088754324435"
"1028","fifteen","28","16.1277072012902","6.91047937997904"
"1029","fifteen","29","16.4765444105925","7.13762919068753"
"1030","fifteen","30","16.8174535015016","7.36231927333216"
"1031","fifteen","31","17.1507868348349","7.58454149555438"
"1032","fifteen","32","17.4768737913567","7.80429574886251"
"1033","fifteen","33","17.7960227275269","8.02158864157414"
"1034","fifteen","34","18.1085227275269","8.23643239157414"
"1035","fifteen","35","18.4146451765065","8.44884388678448"
"1036","fifteen","36","18.7146451765065","8.65884388678447"
"1037","fifteen","37","19.0087628235653","8.86645634353188"
"1038","fifteen","38","19.2972243620268","9.07170782282182"
"1039","fifteen","39","19.5802432299514","9.27462701114507"
"1040","fifteen","40","19.8580210077291","9.47524429509568"
"1041","fifteen","41","20.1307482804564","9.6735914025337"
"1042","fifteen","42","20.3986054233136","9.86970109641125"
"1043","fifteen","43","20.6617633180504","10.0636069135858"
"1044","fifteen","44","20.9203840077056","10.2553429421232"
"1045","fifteen","45","21.1746212958412","10.4449436315803"
"1046","fifteen","46","21.4246212958412","10.6324436315803"
"1047","fifteen","47","21.6705229351854","10.8178776546923"
"1048","fifteen","48","21.9124584190564","11.0012803602074"
"1049","fifteen","49","22.1505536571516","11.182686255899"
"1050","fifteen","50","22.3849286571516","11.362129615274"
"1051","fifteen","51","22.6156978879209","11.5396444081734"
"1052","fifteen","52","22.8429706151936","11.7152642428842"
"1053","fifteen","53","23.0668512122085","11.8890223181794"
"1054","fifteen","54","23.2874394475026","12.0609513839233"
"1055","fifteen","55","23.5048307518505","12.2310837090651"
"1056","fifteen","56","23.7191164661362","12.3994510560039"
"1057","fifteen","57","23.93038407177","12.5660846604474"
"1058","fifteen","58","24.1387174051033","12.731015216003"
"1059","fifteen","59","24.3441968571581","12.894272862841"
"1060","fifteen","60","24.5468995598608","13.0558871798608"
"1061","fifteen","61","24.7468995598608","13.2158871798608"
"1062","fifteen","62","24.9442679809134","13.3743013072846"
"1063","fifteen","63","25.1390731757186","13.5311574381667"
"1064","fifteen","64","25.3313808680263","13.6864828819537"
"1065","fifteen","65","25.5212542857479","13.8403043849179"
"1066","fifteen","66","25.7087542857479","13.9926481349179"
"1067","fifteen","67","25.893939470933","14.143539767291"
"1068","fifteen","68","26.0768663002013","14.2930043716932"
"1069","fifteen","69","26.2575891917676","14.4410664997234"
"1070","fifteen","70","26.436160620339","14.5877501731928"
"1071","fifteen","71","26.6126312085743","14.7330788929159"
"1072","fifteen","72","26.7870498132255","14.8770756479187"
"1073","fifteen","73","26.9594636063289","15.0197629249698"
"1074","fifteen","74","27.1299181517835","15.1611627183582"
"1075","fifteen","75","27.2984574776262","15.3012965398454"
"1076","fifteen","76","27.4651241442928","15.4401854287343"
"1077","fifteen","77","27.629959309128","15.5778499620032"
"1078","fifteen","78","27.7930027873889","15.7143102644607"
"1079","fifteen","79","27.9542931099695","15.8495860188832"
"1080","fifteen","80","28.1138675780546","15.9836964761036"
"1081","fifteen","81","28.2717623148967","16.1166604650233"
"1082","fifteen","82","28.4280123148967","16.2484964025233"
"1083","fifteen","83","28.5826514901545","16.3792223032566"
"1084","fifteen","84","28.7357127146443","16.5088557893041"
"1085","fifteen","85","28.8872278661594","16.6374140996806"
"1086","fifteen","86","29.0372278661594","16.7649140996806"
"1087","fifteen","87","29.1857427176446","16.8913722900541"
"1088","fifteen","88","29.332801541174","17.0168048160057"
"1089","fifteen","89","29.4784326091351","17.1412274760113"
"1090","fifteen","90","29.6226633783659","17.2646557304492"
"1091","fifteen","91","29.765520521223","17.387104710041"
"1092","fifteen","92","29.9070299551853","17.508589224103"
"1093","fifteen","93","30.0472168710732","17.6291237686047"
"1094","fifteen","94","30.186105759962","17.7487225340368"
"1095","fifteen","95","30.3237204388611","17.8673994130873"
"1096","fifteen","96","30.4600840752248","17.9851680081287"
"1097","fifteen","97","30.5952192103599","18.1020416385158"
"1098","fifteen","98","30.7291477817885","18.2180333476995"
"1099","fifteen","99","30.8618911446203","18.3331559101554"
"1100","fifteen","100","30.9934700919888","18.4474218381333"
"1101","fifteen","101","31.1239048745974","18.5608433882278"
"1102","fifteen","102","31.253215219425","18.6734325677759"
"1103","fifteen","103","31.3814203476302","18.785201141083"
"1104","fifteen","104","31.508538991698","18.8961606354811"
"1105","fifteen","105","31.634589411866","19.0063223472247"
"1106","fifteen","106","31.759589411866","19.1156973472247"
"1107","fifteen","107","31.8835563540148","19.2242964866277"
"1108","fifteen","108","32.0065071736869","19.3321304022418"
"1109","fifteen","109","32.1284583931991","19.4392095218135"
"1110","fifteen","110","32.2494261351346","19.54554406916"
"1111","fifteen","111","32.3694261351346","19.65114406916"
"1112","fifteen","112","32.4884737541822","19.7560193526067"
"1113","fifteen","113","32.6065839904027","19.8601795609271"
"1114","fifteen","114","32.7237714904027","19.9636341507709"
"1115","fifteen","115","32.8400505601701","20.0663923984723"
"1116","fifteen","116","32.9554351755547","20.1684634043895"
"1117","fifteen","117","33.0699389923486","20.269856097123"
"1118","fifteen","118","33.183575355985","20.3705792376189"
"1119","fifteen","119","33.2963573108722","20.4706414231579"
"1120","fifteen","120","33.4082976093797","20.5700510912354"
"1121","fifteen","121","33.5194087204908","20.6688165233342"
"1122","fifteen","122","33.6297028381379","20.7669458485937"
"1123","fifteen","123","33.7391918892327","20.864447047379"
"1124","fifteen","124","33.8478875414067","20.9613279547514"
"1125","fifteen","125","33.9558012104714","21.0575962638451"
"1126","fifteen","126","34.0629440676143","21.1532595291512"
"1127","fifteen","127","34.1693270463377","21.2483251697125"
"1128","fifteen","128","34.2749608491546","21.3428004722319"
"1129","fifteen","129","34.3798559540497","21.436692594096"
"1130","fifteen","130","34.4840226207163","21.5300085663183"
"1131","fifteen","131","34.5874708965784","21.6227552964015"
"1132","fifteen","132","34.6902106226058","21.7149395711247"
"1133","fifteen","133","34.7922514389323","21.8065680592547"
"1134","fifteen","134","34.8936027902837","21.8976473141853"
"1135","fifteen","135","34.9942739312233","21.9881837765068"
"1136","fifteen","136","35.0942739312233","22.0781837765068"
"1137","fifteen","137","35.1936116795677","22.167653536605"
"1138","fifteen","138","35.292295890094","22.2565991737241"
"1139","fifteen","139","35.3903351057802","22.345026701598"
"1140","fifteen","140","35.4877377031828","22.4329420330199"
"1141","fifteen","141","35.5845118967312","22.5203509820313"
"1142","fifteen","142","35.6806657428851","22.607259266055"
"1143","fifteen","143","35.776207144159","22.6936725079715"
"1144","fifteen","144","35.8711438530197","22.7795962381429"
"1145","fifteen","145","35.9654834756612","22.8650358963843"
"1146","fifteen","146","36.0592334756612","22.9499968338843"
"1147","fifteen","147","36.1524011775246","23.0344843150771"
"1148","fifteen","148","36.2449937701172","23.1185035194667"
"1149","fifteen","149","36.3370183099945","23.2020595434044"
"1150","fifteen","150","36.4284817246286","23.285157401822"
"1151","fifteen","151","36.5193908155377","23.3678020299212"
"1152","fifteen","152","36.6097522613208","23.4499982848203"
"1153","fifteen","153","36.6995726206023","23.5317509471603"
"1154","fifteen","154","36.788858334888","23.6130647226705"
"1155","fifteen","155","36.8776157313377","23.6939442436957"
"1156","fifteen","156","36.9658510254554","23.7743940706853"
"1157","fifteen","157","37.053570323701","23.8544186936462"
"1158","fifteen","158","37.1407796260265","23.9340225335596"
"1159","fifteen","159","37.2274848283387","24.0132099437638"
"1160","fifteen","160","37.3136917248904","24.0919852113024"
"1161","fifteen","161","37.3994060106047","24.1703525582412"
"1162","fifteen","162","37.484633283332","24.248316142952"
"1163","fifteen","163","37.5693790460438","24.3258800613662"
"1164","fifteen","164","37.6536487089652","24.4030483481987"
"1165","fifteen","165","37.7374475916467","24.4798249781416"
"1166","fifteen","166","37.8207809249801","24.5562138670305"
"1167","fifteen","167","37.9036538531569","24.6322188729827"
"1168","fifteen","168","37.9860714355745","24.7078437975087"
"1169","fifteen","169","38.0680386486892","24.7830923865976"
"1170","fifteen","170","38.1495603878196","24.8579683317772"
"1171","fifteen","171","38.2306414689007","24.932475271149"
"1172","fifteen","172","38.311286630191","25.0066167903998"
"1173","fifteen","173","38.3915005339344","25.0803964237894"
"1174","fifteen","174","38.4712877679769","25.1538176551158"
"1175","fifteen","175","38.550652847342","25.2268839186582"
"1176","fifteen","176","38.629600215763","25.2995986000987"
"1177","fifteen","177","38.7081342471767","25.3719650374222"
"1178","fifteen","178","38.7862592471767","25.4439865217972"
"1179","fifteen","179","38.8639794544305","25.5156662984355"
"1180","fifteen","180","38.9412990420594","25.5870075674333"
"1181","fifteen","181","39.0182221189825","25.658013484593"
"1182","fifteen","182","39.0947527312274","25.7286871622274"
"1183","fifteen","183","39.1708948632071","25.7990316699446"
"1184","fifteen","184","39.2466524389647","25.8690500354176"
"1185","fifteen","185","39.3220293233868","25.9387452451345"
"1186","fifteen","186","39.3970293233868","26.0081202451345"
"1187","fifteen","187","39.4716561890584","26.0771779417261"
"1188","fifteen","188","39.545913614801","26.1459212021908"
"1189","fifteen","189","39.6198052404167","26.2143528554704"
"1190","fifteen","190","39.6933346521815","26.2824756928407"
"1191","fifteen","191","39.7665053838888","26.3502924685694"
"1192","fifteen","192","39.8393209178694","26.4178059005611"
"1193","fifteen","193","39.9117846859853","26.4850186709875"
"1194","fifteen","194","39.9839000706007","26.5519334269047"
"1195","fifteen","195","40.0556704055289","26.6185527808572"
"1196","fifteen","196","40.1270989769575","26.6848793114694"
"1197","fifteen","197","40.1981890243508","26.7509155640244"
"1198","fifteen","198","40.268943741332","26.8166640510304"
"1199","fifteen","199","40.3393662765432","26.8821272527761"
"1200","fifteen","200","40.4094597344872","26.9473076178735"
"1201","fifteen","201","40.4792271763476","27.0122075637902"
"1202","fifteen","202","40.5486716207921","27.0768294773705"
"1203","fifteen","203","40.6177960447552","27.1411757153454"
"1204","fifteen","204","40.6866033842048","27.2052486048328"
"1205","fifteen","205","40.7550965348897","27.269050443827"
"1206","fifteen","206","40.8232783530715","27.3325835016782"
"1207","fifteen","207","40.8911516562389","27.3958500195628"
"1208","fifteen","208","40.9587192238065","27.4588522109433"
"1209","fifteen","209","41.0259837977975","27.5215922620202"
"1210","fifteen","210","41.0929480835118","27.5840723321732"
"1211","fifteen","211","41.1596147501785","27.6462945543955"
"1212","fifteen","212","41.2259864315944","27.7082610357174"
"1213","fifteen","213","41.2920657267486","27.7699738576235"
"1214","fifteen","214","41.3578552004328","27.8314350764601"
"1215","fifteen","215","41.4233573838389","27.8926467238352"
"1216","fifteen","216","41.4885747751433","27.953610807011"
"1217","fifteen","217","41.5535098400783","28.014329309288"
"1218","fifteen","218","41.6181650124921","28.0748041903819"
"1219","fifteen","219","41.6825426948956","28.1350373867937"
"1220","fifteen","220","41.7466452589981","28.1950308121718"
"1221","fifteen","221","41.8104750462322","28.2547863576675"
"1222","fifteen","222","41.8740343682661","28.3143058922839"
"1223","fifteen","223","41.9373255075066","28.3735912632181"
"1224","fifteen","224","42.0003507175906","28.432644296196"
"1225","fifteen","225","42.0631122238668","28.4914667958021"
"1226","fifteen","226","42.1256122238668","28.5500605458021"
"1227","fifteen","227","42.1878528877672","28.6084273094597"
"1228","fifteen","228","42.2498363588415","28.6665688298477"
"1229","fifteen","229","42.3115647539033","28.7244868301525"
"1230","fifteen","230","42.3730401637393","28.7821830139741"
"1231","fifteen","231","42.4342646535353","28.8396590656192"
"1232","fifteen","232","42.4952402632914","28.8969166503902"
"1233","fifteen","233","42.5559690082306","28.9539574148676"
"1234","fifteen","234","42.6164528791984","29.0107829871881"
"1235","fifteen","235","42.6766938430538","29.0673949773173"
"1236","fifteen","236","42.7366938430538","29.1237949773173"
"1237","fifteen","237","42.7964547992291","29.1799845616096"
"1238","fifteen","238","42.8559786087529","29.2359652872331"
"1239","fifteen","239","42.9152671463023","29.2917386940978"
"1240","fifteen","240","42.9743222644125","29.347306305233"
"1241","fifteen","241","43.0331457938243","29.4026696270323"
"1242","fifteen","242","43.0917395438243","29.4578301494933"
"1243","fifteen","243","43.1501053025792","29.5127893464531"
"1244","fifteen","244","43.2082448374629","29.5675486758203"
"1245","fifteen","245","43.2661598953779","29.6221095798021"
"1246","fifteen","246","43.3238522030703","29.6764734851275"
"1247","fifteen","247","43.3813234674381","29.7306418032673"
"1248","fifteen","248","43.438575375835","29.7846159306492"
"1249","fifteen","249","43.4956095963673","29.8383972488698"
"1250","fifteen","250","43.5524277781855","29.8919871249028"
